learning_rate,n_steps,relaxation_factor,execution_time
0.2543987141225165,5.0,0.6683865187664112,1120.143804
