learning_rate,n_steps,relaxation_factor,execution_time
0.1171102528556331,2.0,1.2296173681014084,1324.561132
