learning_rate,n_steps,relaxation_factor,execution_time
0.2529499617181622,3.0,1.4044273780170589,779.349540
