learning_rate,n_steps,relaxation_factor,execution_time
0.5521422309303123,6.0,0.6608973157997524,3792.190935
