learning_rate,n_steps,relaxation_factor,execution_time
0.1500364926495028,1.0,1.0307541191454308,690.716870
