learning_rate,n_steps,relaxation_factor,execution_time
0.42578433764364,7.0,0.6092798182333159,829.565596
