learning_rate,n_steps,relaxation_factor,execution_time
0.13177371177195063,8.0,1.5235205172047828,2314.863399
