learning_rate,n_steps,relaxation_factor,execution_time
0.35272837383652716,5.0,0.4799031865573198,678.441678
