learning_rate,n_steps,relaxation_factor,execution_time
0.3987580229043756,3.0,1.4916008549182869,624.651002
