learning_rate,n_steps,relaxation_factor,execution_time
0.7437870370126325,7.0,0.38975125281320766,1016.017453
