learning_rate,n_steps,relaxation_factor,execution_time
0.02675242597536513,8.0,0.3037096692840301,3054.690755
