learning_rate,n_steps,relaxation_factor,execution_time
0.05764584569210897,8.0,0.769803612627366,1840.750426
