learning_rate,n_steps,relaxation_factor,execution_time
0.06826185225704523,8.0,1.096042685899469,906.247887
