learning_rate,n_steps,relaxation_factor,execution_time
0.10751845818334502,6.0,0.4412133545237089,2588.800188
