learning_rate,n_steps,relaxation_factor,execution_time
0.012197831740452858,3.0,1.095094141740219,2414.810300
