learning_rate,n_steps,relaxation_factor,execution_time
0.02518037477072796,6.0,0.592030557601708,3165.491152
