learning_rate,n_steps,relaxation_factor,execution_time
0.009566817623065903,8.0,0.891200453943547,1753.144990
