learning_rate,n_steps,relaxation_factor,execution_time
0.0475503060839461,6.0,0.4037924927518559,1592.745902
