learning_rate,n_steps,relaxation_factor,execution_time
0.2460038576100069,3.0,0.3209705342990352,799.701010
