learning_rate,n_steps,relaxation_factor,execution_time
0.996780135317627,6.0,0.9878232906062256,2013.399615
