learning_rate,n_steps,relaxation_factor,execution_time
0.04966456181325476,3.0,1.1850165585982397,455.806787
