learning_rate,n_steps,relaxation_factor,execution_time
0.19954183124259497,8.0,0.4098189615895187,1634.792514
