learning_rate,n_steps,relaxation_factor,execution_time
0.023394934732326587,6.0,1.9990972740472526,1547.552898
