learning_rate,n_steps,relaxation_factor,execution_time
0.009256085659975238,1.0,1.3697715834930804,2723.185646
