learning_rate,n_steps,relaxation_factor,execution_time
0.05337586680890417,4.0,0.9824132500836742,1454.917553
