learning_rate,n_steps,relaxation_factor,execution_time
0.05527178821009801,2.0,1.7260408204314461,2609.670496
