learning_rate,n_steps,relaxation_factor,execution_time
0.009759281636022847,7.0,0.5690750231459373,4282.652905
