learning_rate,n_steps,relaxation_factor,execution_time
0.2448178572348099,6.0,0.4974854026837467,1505.606004
