learning_rate,n_steps,relaxation_factor,execution_time
0.20638776168269263,5.0,1.2672620747044296,1112.138369
