learning_rate,n_steps,relaxation_factor,execution_time
0.052112886265992885,1.0,1.751233432286586,2311.432685
