learning_rate,n_steps,relaxation_factor,execution_time
0.5748782840186988,7.0,0.9759099747164175,1164.968571
