learning_rate,n_steps,relaxation_factor,execution_time
0.008362443369265948,7.0,0.41905965766611747,1410.545813
