learning_rate,n_steps,relaxation_factor,execution_time
0.8129297704298784,2.0,1.4704236209604475,1327.654908
