learning_rate,n_steps,relaxation_factor,execution_time
0.025225745674558597,2.0,1.0942178247196146,594.804681
