learning_rate,n_steps,relaxation_factor,execution_time
0.014511413077084727,3.0,1.7320335711787787,1249.495740
