learning_rate,n_steps,relaxation_factor,execution_time
0.27275836994570724,8.0,0.9037233230536132,1987.322065
