learning_rate,n_steps,relaxation_factor,execution_time
0.026145762418292213,1.0,1.4626074567546754,2491.604068
