learning_rate,n_steps,relaxation_factor,execution_time
0.016373721026506825,1.0,1.0627065349489229,354.325077
