learning_rate,n_steps,relaxation_factor,execution_time
0.02467083485338847,1.0,1.113910500980451,3912.071268
