learning_rate,n_steps,relaxation_factor,execution_time
0.07948692062894283,7.0,0.9386283819577047,1102.387331
