learning_rate,n_steps,relaxation_factor,execution_time
0.9245935857087589,8.0,1.4195845409382555,1425.673591
