learning_rate,n_steps,relaxation_factor,execution_time
0.12203527669819336,8.0,1.6032095337913947,1199.805456
