learning_rate,n_steps,relaxation_factor,execution_time
0.06117377459951053,7.0,0.8204588369919736,855.626264
