learning_rate,n_steps,relaxation_factor,execution_time
0.008702808510793164,6.0,0.6542989987845151,3276.262397
