learning_rate,n_steps,relaxation_factor,execution_time
0.9901108985739074,6.0,1.2635810107151069,1625.132467
