learning_rate,n_steps,relaxation_factor,execution_time
0.06679814063178499,4.0,1.7108080691913705,34678.028561
