learning_rate,n_steps,relaxation_factor,execution_time
0.0018890762760240256,1.0,0.41530969896524367,2616.348577
