learning_rate,n_steps,relaxation_factor,execution_time
0.23598930512251529,5.0,1.806019070883291,1005.233065
