learning_rate,n_steps,relaxation_factor,execution_time
0.25441445764975074,6.0,1.6184292539005365,1591.721990
