learning_rate,n_steps,relaxation_factor,execution_time
0.18728162109779534,7.0,1.7546261548419442,831.576350
