learning_rate,n_steps,relaxation_factor,execution_time
0.29796108057197,1.0,0.3112289328722063,464.642561
