learning_rate,n_steps,relaxation_factor,execution_time
0.008350535150062692,5.0,1.9828871217589588,1532.142142
