learning_rate,n_steps,relaxation_factor,execution_time
0.9711687353630956,8.0,0.3423570637575468,2919.602827
