learning_rate,n_steps,relaxation_factor,execution_time
0.0007684379046955861,6.0,1.7036765067195283,3797.758918
