learning_rate,n_steps,relaxation_factor,execution_time
0.09409280444255992,4.0,0.3715387926366772,919.567946
