learning_rate,n_steps,relaxation_factor,execution_time
0.03177861153259776,8.0,0.5098373090199189,2839.175836
