learning_rate,n_steps,relaxation_factor,execution_time
0.7211327441111622,5.0,1.9586883188397057,1025.010044
