learning_rate,n_steps,relaxation_factor,execution_time
0.5650479747766607,1.0,1.7115772997939271,1269.214863
