learning_rate,n_steps,relaxation_factor,execution_time
0.0074074318326110555,1.0,0.34380533114723644,2158.961855
