learning_rate,n_steps,relaxation_factor,execution_time
0.1184104543010254,7.0,0.5948671835995748,2585.066297
