learning_rate,n_steps,relaxation_factor,execution_time
0.009489720984745246,2.0,1.398957391311743,2424.602137
