learning_rate,n_steps,relaxation_factor,execution_time
0.029076743362218258,4.0,1.599567847529144,1451.268221
