learning_rate,n_steps,relaxation_factor,execution_time
0.02112507704203085,6.0,1.963179955755689,4107.975304
