learning_rate,n_steps,relaxation_factor,execution_time
0.039117189900717206,1.0,1.972096936379188,3101.290340
