learning_rate,n_steps,relaxation_factor,execution_time
0.002847532370575584,6.0,0.6089335580733711,728.862736
