learning_rate,n_steps,relaxation_factor,execution_time
0.22994041896173673,7.0,1.6083731614360535,1096.453563
