learning_rate,n_steps,relaxation_factor,execution_time
0.009100225799580508,3.0,1.8221787914169492,1183.107822
