learning_rate,n_steps,relaxation_factor,execution_time
0.007356916714745789,5.0,1.0240326792489403,1164.602107
