learning_rate,n_steps,relaxation_factor,execution_time
0.9135022897112791,8.0,0.3270676106983515,2529.451664
