learning_rate,n_steps,relaxation_factor,execution_time
0.013174687681773267,4.0,0.8066948800788301,2806.770796
