learning_rate,n_steps,relaxation_factor,execution_time
0.988011805203398,7.0,0.42899470361059217,2067.935782
