learning_rate,n_steps,relaxation_factor,execution_time
0.014152133111110665,3.0,1.6238825346467562,7179.700377
