learning_rate,n_steps,relaxation_factor,execution_time
0.06894038973874149,5.0,1.1067942426908992,1319.788909
