learning_rate,n_steps,relaxation_factor,execution_time
0.018821564455229256,8.0,0.48414785442219643,1777.648003
