learning_rate,n_steps,relaxation_factor,execution_time
0.02036165138156871,2.0,1.9895022656915946,5927.928044
