learning_rate,n_steps,relaxation_factor,execution_time
0.013873226249839983,5.0,1.9991289646332837,4872.272258
