learning_rate,n_steps,relaxation_factor,execution_time
0.026252021705135353,8.0,1.5031717281379688,891.465419
