learning_rate,n_steps,relaxation_factor,execution_time
0.16009289131107485,1.0,0.9954872295074183,847.199842
