learning_rate,n_steps,relaxation_factor,execution_time
0.58304966737094,4.0,1.6317603748409892,844.447305
