learning_rate,n_steps,relaxation_factor,execution_time
0.005837635268555866,6.0,1.97722605305807,3484.061793
