learning_rate,n_steps,relaxation_factor,execution_time
0.10564978218915176,7.0,0.5107492413232171,5313.181727
