learning_rate,n_steps,relaxation_factor,execution_time
0.11357091460408973,5.0,0.5913271943351466,945.544183
