learning_rate,n_steps,relaxation_factor,execution_time
0.0034345483469764987,4.0,1.535762073154634,2533.683437
