learning_rate,n_steps,relaxation_factor,execution_time
0.03217569204074493,7.0,0.5158029468750501,2956.745707
