learning_rate,n_steps,relaxation_factor,execution_time
0.0068303681092847695,7.0,1.7906471215625113,9352.505528
