learning_rate,n_steps,relaxation_factor,execution_time
0.1789969896461016,3.0,1.6876347678543648,1804.813148
