learning_rate,n_steps,relaxation_factor,execution_time
0.021918221680280278,7.0,0.5518228928346295,2255.945765
