learning_rate,n_steps,relaxation_factor,execution_time
0.046886569267049795,2.0,1.21355309699186,5155.335661
