learning_rate,n_steps,relaxation_factor,execution_time
0.0013778322986593185,8.0,1.3990966714591289,4255.890136
