learning_rate,n_steps,relaxation_factor,execution_time
0.043708873270314835,8.0,0.49671054248164076,3616.159310
