learning_rate,n_steps,relaxation_factor,execution_time
0.01280357666829672,3.0,1.584946819325528,527.557587
