learning_rate,n_steps,relaxation_factor,execution_time
0.7295328440999808,6.0,0.4602803605200695,864.710673
