learning_rate,n_steps,relaxation_factor,execution_time
0.011523809544351149,2.0,1.0610553200020503,2005.936816
