learning_rate,n_steps,relaxation_factor,execution_time
0.007898892077065872,8.0,0.9577896405172533,2541.025329
