learning_rate,n_steps,relaxation_factor,execution_time
0.011349028809891125,2.0,0.7420299528117977,2596.745403
