learning_rate,n_steps,relaxation_factor,execution_time
0.7566211940464976,6.0,0.8133759009163075,2876.241537
