learning_rate,n_steps,relaxation_factor,execution_time
0.284463247108366,5.0,0.5454326010889531,956.682686
