learning_rate,n_steps,relaxation_factor,execution_time
0.020010256493310945,2.0,0.4794584121703329,1214.500532
