learning_rate,n_steps,relaxation_factor,execution_time
0.04236917176329119,7.0,1.8285600396396848,2631.009671
