learning_rate,n_steps,relaxation_factor,execution_time
0.3868447628928077,8.0,1.4580607447068885,1225.337142
