learning_rate,n_steps,relaxation_factor,execution_time
0.9324502291805524,3.0,0.9707832008017367,635.514367
