learning_rate,n_steps,relaxation_factor,execution_time
0.30680182337952894,8.0,0.49162128870730915,1284.244544
