learning_rate,n_steps,relaxation_factor,execution_time
0.22632531020961502,1.0,1.7354013861952027,1159.249753
