learning_rate,n_steps,relaxation_factor,execution_time
0.4370459424945641,8.0,0.45710262931726664,977.541533
