learning_rate,n_steps,relaxation_factor,execution_time
0.5931932592471285,6.0,1.9847491895860363,1621.222076
