learning_rate,n_steps,relaxation_factor,execution_time
0.05485478309726467,5.0,1.2477860654631407,650.251377
