learning_rate,n_steps,relaxation_factor,execution_time
0.2259146723677517,8.0,0.4135100500287292,962.260462
