learning_rate,n_steps,relaxation_factor,execution_time
0.1668891408028655,8.0,1.2659808851132692,2987.990815
