learning_rate,n_steps,relaxation_factor,execution_time
0.1036521696601837,8.0,0.318725016980956,3801.922844
