learning_rate,n_steps,relaxation_factor,execution_time
0.008362443369265948,1.0,0.3910443401413535,2731.949247
