learning_rate,n_steps,relaxation_factor,execution_time
0.7865075632431464,7.0,0.3738141548554008,580.329032
