learning_rate,n_steps,relaxation_factor,execution_time
0.26054241120699145,2.0,0.7080492262217571,436.402030
