learning_rate,n_steps,relaxation_factor,execution_time
0.30699766038050064,4.0,1.9143008086189208,1584.155018
