learning_rate,n_steps,relaxation_factor,execution_time
0.056512160617571645,7.0,0.42733556067665435,6391.118115
