learning_rate,n_steps,relaxation_factor,execution_time
0.40146440434692005,7.0,1.7638603914319646,862.091850
