learning_rate,n_steps,relaxation_factor,execution_time
0.13954475710639114,8.0,0.4517560136121956,1379.069105
