learning_rate,n_steps,relaxation_factor,execution_time
0.7317574452400535,6.0,1.1224018304829608,1708.897081
