learning_rate,n_steps,relaxation_factor,execution_time
0.30826134663871985,3.0,1.806611218564511,1287.357079
