learning_rate,n_steps,relaxation_factor,execution_time
0.4744836049412337,7.0,0.8748440238070516,2124.116193
