learning_rate,n_steps,relaxation_factor,execution_time
0.6799521950739167,1.0,0.4360198165813113,776.248745
