learning_rate,n_steps,relaxation_factor,execution_time
0.010563190201693362,6.0,1.0224406843875493,4287.498073
