learning_rate,n_steps,relaxation_factor,execution_time
0.20684333066747085,3.0,1.424010319672333,848.858187
