learning_rate,n_steps,relaxation_factor,execution_time
0.036748452007728354,7.0,0.526375104692697,927.102391
