learning_rate,n_steps,relaxation_factor,execution_time
0.009336751164162549,4.0,0.8734819377602728,1302.251771
