learning_rate,n_steps,relaxation_factor,execution_time
0.204655196707409,5.0,0.481808114747204,2060.487968
