learning_rate,n_steps,relaxation_factor,execution_time
0.9899811420859079,1.0,0.6149986388724552,1776.439035
