learning_rate,n_steps,relaxation_factor,execution_time
0.1460102296296006,1.0,1.6157004658464862,917.518375
