learning_rate,n_steps,relaxation_factor,execution_time
0.3460571213013847,1.0,1.4600228119208454,920.702454
