learning_rate,n_steps,relaxation_factor,execution_time
0.09322134245810448,2.0,1.4598687990556316,776.502894
