learning_rate,n_steps,relaxation_factor,execution_time
0.46183081083386046,5.0,1.3060374011373508,764.674615
