learning_rate,n_steps,relaxation_factor,execution_time
0.1352977651549569,6.0,1.1854507927988678,1118.173059
