learning_rate,n_steps,relaxation_factor,execution_time
0.15328315661473824,3.0,1.8447991833456883,924.990568
