learning_rate,n_steps,relaxation_factor,execution_time
0.09577889670448177,8.0,0.3069360108724676,3997.482211
