learning_rate,n_steps,relaxation_factor,execution_time
0.1611203195155096,7.0,0.613711793960315,1095.817291
