learning_rate,n_steps,relaxation_factor,execution_time
0.104126982246728,6.0,1.4331553858180743,1018.410326
