learning_rate,n_steps,relaxation_factor,execution_time
0.009759281636022847,6.0,0.3464759020854644,3425.207015
