learning_rate,n_steps,relaxation_factor,execution_time
0.01530227778941973,1.0,1.021801946067876,4085.317076
