learning_rate,n_steps,relaxation_factor,execution_time
0.29261565662604605,4.0,1.8441696615647174,900.758704
