learning_rate,n_steps,relaxation_factor,execution_time
0.22694013421491013,3.0,1.6024813986169801,881.216487
