learning_rate,n_steps,relaxation_factor,execution_time
0.006871505506638148,2.0,0.9666957767983446,713.831317
