learning_rate,n_steps,relaxation_factor,execution_time
0.010815643103150092,2.0,1.0705225740825375,2804.327902
