learning_rate,n_steps,relaxation_factor,execution_time
0.021001010057800057,5.0,0.30671232180192043,3359.003059
