learning_rate,n_steps,relaxation_factor,execution_time
0.8171605919788271,6.0,1.911837918713136,2028.380548
