learning_rate,n_steps,relaxation_factor,execution_time
0.9933056545823613,7.0,1.568335357058531,1765.147614
