learning_rate,n_steps,relaxation_factor,execution_time
0.011732919211559556,1.0,1.9583842264717737,35588.261423
