learning_rate,n_steps,relaxation_factor,execution_time
0.002143946534710485,8.0,0.9202296812113399,3452.534399
