learning_rate,n_steps,relaxation_factor,execution_time
0.15364404679310423,3.0,0.588388942303304,672.241637
