learning_rate,n_steps,relaxation_factor,execution_time
0.0013826807745201015,2.0,1.0664214009773438,3005.205757
