learning_rate,n_steps,relaxation_factor,execution_time
0.012666716359511599,2.0,0.7640720311615037,915.878667
