learning_rate,n_steps,relaxation_factor,execution_time
0.19774498756996745,3.0,1.2956361098286582,916.666630
