learning_rate,n_steps,relaxation_factor,execution_time
0.16457545198423265,8.0,0.3146818915878281,2979.875229
