learning_rate,n_steps,relaxation_factor,execution_time
0.020468844229400505,7.0,0.5785680565378902,3566.379392
