learning_rate,n_steps,relaxation_factor,execution_time
0.3139975903673176,5.0,1.4690945776015276,1915.242146
