learning_rate,n_steps,relaxation_factor,execution_time
0.6392245481528478,3.0,1.4383171903197611,489.450950
