learning_rate,n_steps,relaxation_factor,execution_time
0.08542907060218548,2.0,1.0569839513214632,1105.215254
