learning_rate,n_steps,relaxation_factor,execution_time
0.5742167482193704,4.0,1.329244648242051,1375.943969
