learning_rate,n_steps,relaxation_factor,execution_time
0.15926895404161995,7.0,0.5063024199359745,835.795967
