learning_rate,n_steps,relaxation_factor,execution_time
0.008390516496276423,6.0,1.9751226698806041,1787.181724
