learning_rate,n_steps,relaxation_factor,execution_time
0.6512387507897877,7.0,1.3742274423446192,951.071069
