learning_rate,n_steps,relaxation_factor,execution_time
0.009437301274834978,1.0,1.0698121824933096,1785.842590
