learning_rate,n_steps,relaxation_factor,execution_time
0.05128721939620558,8.0,1.5012098539720267,2227.357840
