learning_rate,n_steps,relaxation_factor,execution_time
0.018909804042040273,4.0,0.3282480132448481,2368.468406
