learning_rate,n_steps,relaxation_factor,execution_time
0.003964603048467655,4.0,1.0716882954500124,3756.058541
