learning_rate,n_steps,relaxation_factor,execution_time
0.07756342581713249,2.0,1.7228582905706926,1039.358814
