learning_rate,n_steps,relaxation_factor,execution_time
0.25007183046346904,7.0,1.3693443868198192,957.327219
