learning_rate,n_steps,relaxation_factor,execution_time
0.9977641137398077,5.0,0.7993933166045049,2533.732705
