learning_rate,n_steps,relaxation_factor,execution_time
0.021001010057800057,8.0,0.30671232180192043,8362.337351
