learning_rate,n_steps,relaxation_factor,execution_time
0.01065877289017509,7.0,1.3549145477962203,1529.671288
