learning_rate,n_steps,relaxation_factor,execution_time
0.05911039110722893,5.0,1.5986388089788204,990.442917
