learning_rate,n_steps,relaxation_factor,execution_time
0.011892739323685397,2.0,0.3639183111880214,1005.240457
