learning_rate,n_steps,relaxation_factor,execution_time
0.5580072387516565,5.0,0.3706715028115111,861.428518
