learning_rate,n_steps,relaxation_factor,execution_time
0.8923585281017323,1.0,0.8800183093780802,844.962547
