learning_rate,n_steps,relaxation_factor,execution_time
0.02762529322261361,5.0,1.3561312633224152,25227.948298
