learning_rate,n_steps,relaxation_factor,execution_time
0.013472895342876327,8.0,0.42619781799032264,1032.257169
