learning_rate,n_steps,relaxation_factor,execution_time
0.15278443194190125,6.0,1.9322512177301636,1564.548237
