learning_rate,n_steps,relaxation_factor,execution_time
0.08504173506741265,4.0,1.8682172756814928,1425.510070
